31,8
32,8
33,8
34,8
35,8
36,8
37,8
38,8
39,8
40,8
41,8
42,8
43,8
44,8
45,8
46,8
47,8
48,8
49,8
50,8
51,8
52,8
53,8
54,8
55,8
56,8
57,8
58,8
59,8
60,8
61,8
62,8
63,8
64,8
65,8
66,8
67,8
68,8
69,8
70,8
71,8
72,8
73,8
74,8
75,8
76,8
77,8
78,8
79,8
80,8
81,8
82,8
83,8
84,8
85,8
86,8
87,8
88,8
89,8
90,8
91,8
92,8
93,8
94,8
95,8
96,8
97,8
98,8
99,8
100,8
101,8
102,8
103,8
104,8
105,8
106,8
107,8
108,8
109,8
110,8
111,8
112,8
113,8
114,8
115,8
116,8
117,8
118,8
119,8
120,8
121,8
122,8
123,8
124,8
125,8
126,8
127,8
128,8
129,8
130,8
131,8
132,8
133,8
134,8
135,8
136,8
137,8
138,8
139,8
140,8
141,8
142,8
143,8
144,8
145,8
146,8
147,8
148,8
149,8
150,8
151,8
152,8
153,8
154,8
155,8
156,8
157,8
158,8
159,8
160,8
161,8
162,8
163,8
164,8
165,8
166,8
167,8
168,8
169,8
170,8
171,8
172,8
173,8
174,8
175,8
176,8
177,8
178,8
179,8
180,8
181,8
182,8
183,8
184,8
185,8
186,8
187,8
188,8
189,8
190,8
191,8
192,8
193,8
194,8
195,8
196,8
197,8
198,8
199,8
200,8
201,8
202,8
203,8
204,8
205,8
206,8
207,8
208,8
209,8
210,8
211,8
212,8
213,8
214,8
215,8
216,8
217,8
218,8
219,8
220,8
221,8
222,8
223,8
224,8
225,8
226,8
227,8
228,8
229,8
230,8
231,8
232,8
233,8
234,8
235,8
236,8
237,8
238,8
239,8
240,8
241,8
242,8
243,8
244,8
245,8
246,8
247,8
248,8
249,8
250,8
251,8
252,8
253,8
254,8
255,8
256,8
257,8
258,8
259,8
260,8
261,8
262,8
263,8
264,8
265,8
266,8
267,8
268,8
269,8
270,8
271,8
272,8
273,8
274,8
275,8
276,8
277,8
278,8
279,8
280,8
281,8
282,8
283,8
284,8
285,8
286,8
287,8
288,8
289,8
290,8
291,8
292,8
293,8
294,8
295,8
296,8
297,8
298,8
299,8
300,8
301,8
302,8
303,8
304,8
305,8
306,8
307,8
308,8
309,8
310,8
311,8
312,8
313,8
314,8
315,8
316,8
317,8
318,8
319,8
320,8
321,8
322,8
323,8
324,8
325,8
326,8
327,8
328,8
329,8
330,8
331,8
332,8
333,8
334,8
335,8
336,8
337,8
338,8
339,8
340,8
341,8
342,8
343,8
344,8
345,8
346,8
347,8
348,8
349,8
350,8
351,8
352,8
353,8
354,8
355,8
356,8
357,8
358,8
359,8
360,8
361,8
362,8
363,8
364,8
365,8
366,8
367,8
368,8
369,8
370,8
371,8
372,8
373,8
374,8
375,8
376,8
377,8
378,8
379,8
380,8
381,8
382,8
383,8
384,8
385,8
386,8
387,8
388,8
389,8
390,8
391,8
392,8
393,8
394,8
395,8
396,8
397,8
398,8
399,8
400,8
401,8
402,8
403,8
404,8
405,8
406,8
407,8
408,8
409,8
410,8
411,8
412,8
413,8
414,8
415,8
416,8
417,8
418,8
419,8
420,8
421,8
422,8
423,8
424,8
425,8
426,8
427,8
428,8
429,8
430,8
431,8
432,8
433,8
434,8
435,8
436,8
437,8
438,8
439,8
440,8
441,8
442,8
443,8
444,8
445,8
446,8
447,8
448,8
449,8
450,8
451,8
452,8
453,8
454,8
455,8
456,8
457,8
458,8
459,8
460,8
461,8
462,8
463,8
464,8
465,8
466,8
467,8
468,8
469,8
470,8
471,8
472,8
473,8
474,8
475,8
476,9
477,10
478,10
479,11
479,12
480,13
480,14
481,15
481,16
481,17
481,18
481,19
481,20
481,21
481,22
481,23
481,24
481,25
481,26
481,27
481,28
481,29
481,30
481,31
481,32
481,33
481,34
481,35
481,36
481,37
481,38
481,39
481,40
481,41
481,42
481,43
481,44
481,45
481,46
481,47
481,48
481,49
481,50
481,51
481,52
481,53
481,54
481,55
481,56
481,57
481,58
481,59
481,60
481,61
481,62
481,63
481,64
481,65
481,66
481,67
481,68
481,69
481,70
481,71
481,72
481,73
481,74
481,75
481,76
481,77
481,78
481,79
481,80
481,81
481,82
481,83
481,84
481,85
481,86
481,87
481,88
481,89
481,90
481,91
481,92
481,93
481,94
481,95
481,96
481,97
481,98
481,99
481,100
481,101
481,102
481,103
481,104
481,105
481,106
481,107
481,108
481,109
481,110
481,111
481,112
481,113
481,114
481,115
481,116
481,117
481,118
481,119
481,120
481,121
481,122
481,123
481,124
481,125
481,126
481,127
481,128
481,129
481,130
481,131
481,132
481,133
481,134
481,135
481,136
481,137
481,138
481,139
481,140
481,141
481,142
481,143
481,144
481,145
481,146
481,147
481,148
481,149
481,150
481,151
481,152
481,153
481,154
481,155
481,156
481,157
481,158
481,159
481,160
481,161
481,162
481,163
481,164
481,165
481,166
481,167
481,168
481,169
481,170
481,171
481,172
481,173
481,174
481,175
481,176
481,177
481,178
481,179
481,180
481,181
481,182
481,183
481,184
481,185
481,186
481,187
481,188
481,189
481,190
481,191
481,192
481,193
481,194
481,195
481,196
481,197
481,198
481,199
481,200
481,201
481,202
481,203
481,204
481,205
481,206
481,207
481,208
481,209
481,210
481,211
481,212
481,213
481,214
481,215
481,216
481,217
481,218
481,219
481,220
481,221
481,222
481,223
481,224
481,225
481,226
481,227
481,228
481,229
481,230
481,231
481,232
481,233
481,234
481,235
481,236
481,237
481,238
481,239
481,240
481,241
481,242
481,243
481,244
481,245
481,246
481,247
481,248
481,249
481,250
481,251
481,252
481,253
481,254
481,255
481,256
481,257
481,258
481,259
481,260
481,261
481,262
481,263
481,264
481,265
481,266
481,267
481,268
481,269
481,270
481,271
481,272
481,273
481,274
481,275
481,276
481,277
481,278
481,279
481,280
481,281
481,282
481,283
481,284
481,285
481,286
481,287
481,288
481,289
481,290
481,291
481,292
481,293
481,294
481,295
481,296
481,297
481,298
481,299
481,300
481,301
481,302
481,303
481,304
481,305
481,306
481,307
481,308
481,309
481,310
481,311
481,312
481,313
481,314
481,315
481,316
481,317
481,318
481,319
481,320
481,321
481,322
481,323
481,324
481,325
481,326
481,327
481,328
481,329
481,330
481,331
481,332
481,333
481,334
481,335
481,336
481,337
481,338
481,339
481,340
481,341
481,342
481,343
481,344
481,345
481,346
481,347
481,348
481,349
481,350
481,351
481,352
481,353
481,354
481,355
481,356
481,357
481,358
481,359
481,360
481,361
481,362
481,363
481,364
481,365
481,366
481,367
481,368
481,369
481,370
481,371
481,372
481,373
481,374
481,375
481,376
481,377
481,378
481,379
481,380
481,381
481,382
481,383
481,384
481,385
481,386
481,387
481,388
481,389
481,390
481,391
481,392
481,393
481,394
481,395
481,396
481,397
481,398
481,399
481,400
481,401
481,402
481,403
481,404
481,405
481,406
481,407
481,408
481,409
481,410
481,411
481,412
481,413
481,414
481,415
481,416
481,417
481,418
481,419
481,420
481,421
481,422
481,423
481,424
481,425
481,426
481,427
481,428
481,429
481,430
481,431
481,432
481,433
481,434
481,435
481,436
481,437
481,438
481,439
481,440
481,441
481,442
481,443
481,444
481,445
481,446
481,447
481,448
481,449
481,450
481,451
481,452
481,453
481,454
481,455
481,456
481,457
481,458
481,459
481,460
481,461
481,462
481,463
481,464
481,465
481,466
481,467
481,468
481,469
481,470
481,471
481,472
481,473
481,474
481,475
481,476
481,477
481,478
481,479
481,480
481,481
481,482
481,483
481,484
481,485
480,486
480,487
480,488
479,489
479,490
478,491
477,492
476,493
475,494
474,495
473,495
472,496
471,496
470,496
469,497
468,497
467,497
466,497
465,497
464,497
463,497
462,496
461,496
460,496
459,495
458,495
457,494
456,493
455,492
454,491
453,490
453,489
452,488
452,487
452,486
451,485
451,484
451,483
451,482
451,481
451,480
451,479
451,478
451,477
451,476
451,475
451,474
451,473
451,472
451,471
451,470
451,469
451,468
451,467
451,466
451,465
451,464
451,463
451,462
451,461
451,460
451,459
451,458
451,457
451,456
451,455
451,454
451,453
451,452
451,451
451,450
451,449
451,448
451,447
451,446
451,445
451,444
451,443
451,442
451,441
451,440
451,439
451,438
451,437
451,436
451,435
451,434
451,433
451,432
451,431
451,430
451,429
451,428
451,427
451,426
451,425
451,424
451,423
451,422
451,421
451,420
451,419
451,418
451,417
451,416
451,415
451,414
451,413
451,412
451,411
451,410
451,409
451,408
451,407
451,406
451,405
451,404
451,403
451,402
451,401
451,400
451,399
451,398
451,397
451,396
451,395
451,394
451,393
451,392
451,391
451,390
451,389
451,388
451,387
451,386
451,385
451,384
451,383
451,382
451,381
451,380
451,379
451,378
451,377
451,376
451,375
451,374
451,373
451,372
451,371
451,370
451,369
451,368
451,367
451,366
451,365
451,364
451,363
451,362
451,361
451,360
451,359
451,358
451,357
451,356
451,355
451,354
451,353
451,352
451,351
451,350
451,349
451,348
451,347
451,346
451,345
451,344
451,343
451,342
451,341
451,340
451,339
451,338
451,337
451,336
451,335
451,334
451,333
451,332
451,331
451,330
451,329
451,328
451,327
451,326
451,325
451,324
451,323
451,322
451,321
451,320
451,319
451,318
451,317
451,316
451,315
451,314
451,313
451,312
451,311
451,310
451,309
451,308
451,307
451,306
451,305
451,304
451,303
451,302
451,301
451,300
451,299
451,298
451,297
451,296
451,295
451,294
451,293
451,292
451,291
451,290
451,289
451,288
451,287
451,286
451,285
451,284
451,283
451,282
451,281
451,280
451,279
451,278
451,277
451,276
451,275
451,274
451,273
451,272
451,271
451,270
451,269
451,268
451,267
451,266
451,265
451,264
451,263
451,262
451,261
451,260
451,259
451,258
451,257
451,256
451,255
451,254
451,253
451,252
451,251
451,250
451,249
451,248
451,247
451,246
451,245
451,244
451,243
451,242
451,241
451,240
451,239
451,238
451,237
451,236
451,235
451,234
451,233
451,232
451,231
451,230
451,229
451,228
451,227
451,226
451,225
451,224
451,223
451,222
451,221
451,220
451,219
451,218
451,217
451,216
451,215
451,214
451,213
451,212
451,211
451,210
451,209
451,208
451,207
451,206
451,205
451,204
451,203
451,202
451,201
451,200
451,199
451,198
451,197
451,196
451,195
451,194
451,193
451,192
451,191
451,190
451,189
451,188
451,187
451,186
451,185
451,184
451,183
451,182
451,181
451,180
451,179
451,178
451,177
451,176
451,175
451,174
451,173
451,172
451,171
451,170
451,169
451,168
451,167
451,166
451,165
451,164
451,163
451,162
451,161
451,160
451,159
451,158
451,157
451,156
451,155
451,154
451,153
451,152
451,151
451,150
451,149
451,148
451,147
451,146
451,145
451,144
451,143
451,142
451,141
451,140
451,139
451,138
451,137
451,136
451,135
451,134
451,133
451,132
451,131
451,130
451,129
451,128
451,127
451,126
451,125
451,124
451,123
451,122
451,121
451,120
451,119
451,118
451,117
451,116
451,115
451,114
451,113
451,112
451,111
451,110
451,109
451,108
451,107
451,106
451,105
451,104
451,103
451,102
451,101
451,100
451,99
451,98
451,97
451,96
451,95
451,94
451,93
451,92
451,91
451,90
451,89
451,88
451,87
451,86
451,85
451,84
451,83
451,82
451,81
451,80
451,79
451,78
451,77
451,76
451,75
451,74
451,73
451,72
451,71
451,70
451,69
451,68
451,67
451,66
451,65
451,64
451,63
451,62
451,61
451,60
451,59
451,58
451,57
451,56
451,55
451,54
451,53
451,52
451,51
451,50
451,49
451,48
451,47
451,46
451,45
451,44
451,43
451,42
451,41
451,40
451,39
451,38
451,37
451,36
451,35
451,34
451,33
451,32
451,31
451,30
451,29
451,28
451,27
450,26
450,25
450,24
449,23
449,22
448,21
447,20
446,19
445,18
444,17
443,17
442,16
441,16
440,16
439,15
438,15
437,15
436,15
435,15
434,15
433,15
432,16
431,16
430,16
429,17
428,17
427,18
426,19
425,20
424,21
423,22
423,23
422,24
422,25
422,26
421,27
421,28
421,29
421,30
421,31
421,32
421,33
421,34
421,35
421,36
421,37
421,38
421,39
421,40
421,41
421,42
421,43
421,44
421,45
421,46
421,47
421,48
421,49
421,50
421,51
421,52
421,53
421,54
421,55
421,56
421,57
421,58
421,59
421,60
421,61
421,62
421,63
421,64
421,65
421,66
421,67
421,68
421,69
421,70
421,71
421,72
421,73
421,74
421,75
421,76
421,77
421,78
421,79
421,80
421,81
421,82
421,83
421,84
421,85
421,86
421,87
421,88
421,89
421,90
421,91
421,92
421,93
421,94
421,95
421,96
421,97
421,98
421,99
421,100
421,101
421,102
421,103
421,104
421,105
421,106
421,107
421,108
421,109
421,110
421,111
421,112
421,113
421,114
421,115
421,116
421,117
421,118
421,119
421,120
421,121
421,122
421,123
421,124
421,125
421,126
421,127
421,128
421,129
421,130
421,131
421,132
421,133
421,134
421,135
421,136
421,137
421,138
421,139
421,140
421,141
421,142
421,143
421,144
421,145
421,146
421,147
421,148
421,149
421,150
421,151
421,152
421,153
421,154
421,155
421,156
421,157
421,158
421,159
421,160
421,161
421,162
421,163
421,164
421,165
421,166
421,167
421,168
421,169
421,170
421,171
421,172
421,173
421,174
421,175
421,176
421,177
421,178
421,179
421,180
421,181
421,182
421,183
421,184
421,185
421,186
421,187
421,188
421,189
421,190
421,191
421,192
421,193
421,194
421,195
421,196
421,197
421,198
421,199
421,200
421,201
421,202
421,203
421,204
421,205
421,206
421,207
421,208
421,209
421,210
421,211
421,212
421,213
421,214
421,215
421,216
421,217
421,218
421,219
421,220
421,221
421,222
421,223
421,224
421,225
421,226
421,227
421,228
421,229
421,230
421,231
421,232
421,233
421,234
421,235
421,236
421,237
421,238
421,239
421,240
421,241
421,242
421,243
421,244
421,245
421,246
421,247
421,248
421,249
421,250
421,251
421,252
421,253
421,254
421,255
421,256
421,257
421,258
421,259
421,260
421,261
421,262
421,263
421,264
421,265
421,266
421,267
421,268
421,269
421,270
421,271
421,272
421,273
421,274
421,275
421,276
421,277
421,278
421,279
421,280
421,281
421,282
421,283
421,284
421,285
421,286
421,287
421,288
421,289
421,290
421,291
421,292
421,293
421,294
421,295
421,296
421,297
421,298
421,299
421,300
421,301
421,302
421,303
421,304
421,305
421,306
421,307
421,308
421,309
421,310
421,311
421,312
421,313
421,314
421,315
421,316
421,317
421,318
421,319
421,320
421,321
421,322
421,323
421,324
421,325
421,326
421,327
421,328
421,329
421,330
421,331
421,332
421,333
421,334
421,335
421,336
421,337
421,338
421,339
421,340
421,341
421,342
421,343
421,344
421,345
421,346
421,347
421,348
421,349
421,350
421,351
421,352
421,353
421,354
421,355
421,356
421,357
421,358
421,359
421,360
421,361
421,362
421,363
421,364
421,365
421,366
421,367
421,368
421,369
421,370
421,371
421,372
421,373
421,374
421,375
421,376
421,377
421,378
421,379
421,380
421,381
421,382
421,383
421,384
421,385
421,386
421,387
421,388
421,389
421,390
421,391
421,392
421,393
421,394
421,395
421,396
421,397
421,398
421,399
421,400
421,401
421,402
421,403
421,404
421,405
421,406
421,407
421,408
421,409
421,410
421,411
421,412
421,413
421,414
421,415
421,416
421,417
421,418
421,419
421,420
421,421
421,422
421,423
421,424
421,425
421,426
421,427
421,428
421,429
421,430
421,431
421,432
421,433
421,434
421,435
421,436
421,437
421,438
421,439
421,440
421,441
421,442
421,443
421,444
421,445
421,446
421,447
421,448
421,449
421,450
421,451
421,452
421,453
421,454
421,455
421,456
421,457
421,458
421,459
421,460
421,461
421,462
421,463
421,464
421,465
421,466
421,467
421,468
421,469
421,470
421,471
421,472
421,473
421,474
421,475
421,476
421,477
421,478
421,479
421,480
421,481
421,482
421,483
421,484
421,485
420,486
420,487
420,488
419,489
419,490
418,491
417,492
416,493
415,494
414,495
413,495
412,496
411,496
410,496
409,497
408,497
407,497
406,497
405,497
404,497
403,497
402,496
401,496
400,496
399,495
398,495
397,494
396,493
395,492
394,491
393,490
393,489
392,488
392,487
392,486
391,485
391,484
391,483
391,482
391,481
391,480
391,479
391,478
391,477
391,476
391,475
391,474
391,473
391,472
391,471
391,470
391,469
391,468
391,467
391,466
391,465
391,464
391,463
391,462
391,461
391,460
391,459
391,458
391,457
391,456
391,455
391,454
391,453
391,452
391,451
391,450
391,449
391,448
391,447
391,446
391,445
391,444
391,443
391,442
391,441
391,440
391,439
391,438
391,437
391,436
391,435
391,434
391,433
391,432
391,431
391,430
391,429
391,428
391,427
391,426
391,425
391,424
391,423
391,422
391,421
391,420
391,419
391,418
391,417
391,416
391,415
391,414
391,413
391,412
391,411
391,410
391,409
391,408
391,407
391,406
391,405
391,404
391,403
391,402
391,401
391,400
391,399
391,398
391,397
391,396
391,395
391,394
391,393
391,392
391,391
391,390
391,389
391,388
391,387
391,386
391,385
391,384
391,383
391,382
391,381
391,380
391,379
391,378
391,377
391,376
391,375
391,374
391,373
391,372
391,371
391,370
391,369
391,368
391,367
391,366
391,365
391,364
391,363
391,362
391,361
391,360
391,359
391,358
391,357
391,356
391,355
391,354
391,353
391,352
391,351
391,350
391,349
391,348
391,347
391,346
391,345
391,344
391,343
391,342
391,341
391,340
391,339
391,338
391,337
391,336
391,335
391,334
391,333
391,332
391,331
391,330
391,329
391,328
391,327
391,326
391,325
391,324
391,323
391,322
391,321
391,320
391,319
391,318
391,317
391,316
391,315
391,314
391,313
391,312
391,311
391,310
391,309
391,308
391,307
391,306
391,305
391,304
391,303
391,302
391,301
391,300
391,299
391,298
391,297
391,296
391,295
391,294
391,293
391,292
391,291
391,290
391,289
391,288
391,287
391,286
391,285
391,284
391,283
391,282
391,281
391,280
391,279
391,278
391,277
391,276
391,275
391,274
391,273
391,272
391,271
391,270
391,269
391,268
391,267
391,266
391,265
391,264
391,263
391,262
391,261
391,260
391,259
391,258
391,257
391,256
391,255
391,254
391,253
391,252
391,251
391,250
391,249
391,248
391,247
391,246
391,245
391,244
391,243
391,242
391,241
391,240
391,239
391,238
391,237
391,236
391,235
391,234
391,233
391,232
391,231
391,230
391,229
391,228
391,227
391,226
391,225
391,224
391,223
391,222
391,221
391,220
391,219
391,218
391,217
391,216
391,215
391,214
391,213
391,212
391,211
391,210
391,209
391,208
391,207
391,206
391,205
391,204
391,203
391,202
391,201
391,200
391,199
391,198
391,197
391,196
391,195
391,194
391,193
391,192
391,191
391,190
391,189
391,188
391,187
391,186
391,185
391,184
391,183
391,182
391,181
391,180
391,179
391,178
391,177
391,176
391,175
391,174
391,173
391,172
391,171
391,170
391,169
391,168
391,167
391,166
391,165
391,164
391,163
391,162
391,161
391,160
391,159
391,158
391,157
391,156
391,155
391,154
391,153
391,152
391,151
391,150
391,149
391,148
391,147
391,146
391,145
391,144
391,143
391,142
391,141
391,140
391,139
391,138
391,137
391,136
391,135
391,134
391,133
391,132
391,131
391,130
391,129
391,128
391,127
391,126
391,125
391,124
391,123
391,122
391,121
391,120
391,119
391,118
391,117
391,116
391,115
391,114
391,113
391,112
391,111
391,110
391,109
391,108
391,107
391,106
391,105
391,104
391,103
391,102
391,101
391,100
391,99
391,98
391,97
391,96
391,95
391,94
391,93
391,92
391,91
391,90
391,89
391,88
391,87
391,86
391,85
391,84
391,83
391,82
391,81
391,80
391,79
391,78
391,77
391,76
391,75
391,74
391,73
391,72
391,71
391,70
391,69
391,68
391,67
391,66
391,65
391,64
391,63
391,62
391,61
391,60
391,59
391,58
391,57
391,56
391,55
391,54
391,53
391,52
391,51
391,50
391,49
391,48
391,47
391,46
391,45
391,44
391,43
391,42
391,41
391,40
391,39
391,38
391,37
391,36
391,35
391,34
391,33
391,32
391,31
391,30
391,29
391,28
391,27
390,26
390,25
390,24
389,23
389,22
388,21
387,20
386,19
385,18
384,17
383,17
382,16
381,16
380,16
379,15
378,15
377,15
376,15
375,15
374,15
373,15
372,16
371,16
370,16
369,17
368,17
367,18
366,19
365,20
364,21
363,22
363,23
362,24
362,25
362,26
361,27
361,28
361,29
361,30
361,31
361,32
361,33
361,34
361,35
361,36
361,37
361,38
361,39
361,40
361,41
361,42
361,43
361,44
361,45
361,46
361,47
361,48
361,49
361,50
361,51
361,52
361,53
361,54
361,55
361,56
361,57
361,58
361,59
361,60
361,61
361,62
361,63
361,64
361,65
361,66
361,67
361,68
361,69
361,70
361,71
361,72
361,73
361,74
361,75
361,76
361,77
361,78
361,79
361,80
361,81
361,82
361,83
361,84
361,85
361,86
361,87
361,88
361,89
361,90
361,91
361,92
361,93
361,94
361,95
361,96
361,97
361,98
361,99
361,100
361,101
361,102
361,103
361,104
361,105
361,106
361,107
361,108
361,109
361,110
361,111
361,112
361,113
361,114
361,115
361,116
361,117
361,118
361,119
361,120
361,121
361,122
361,123
361,124
361,125
361,126
361,127
361,128
361,129
361,130
361,131
361,132
361,133
361,134
361,135
361,136
361,137
361,138
361,139
361,140
361,141
361,142
361,143
361,144
361,145
361,146
361,147
361,148
361,149
361,150
361,151
361,152
361,153
361,154
361,155
361,156
361,157
361,158
361,159
361,160
361,161
361,162
361,163
361,164
361,165
361,166
361,167
361,168
361,169
361,170
361,171
361,172
361,173
361,174
361,175
361,176
361,177
361,178
361,179
361,180
361,181
361,182
361,183
361,184
361,185
361,186
361,187
361,188
361,189
361,190
361,191
361,192
361,193
361,194
361,195
361,196
361,197
361,198
361,199
361,200
361,201
361,202
361,203
361,204
361,205
361,206
361,207
361,208
361,209
361,210
361,211
361,212
361,213
361,214
361,215
361,216
361,217
361,218
361,219
361,220
361,221
361,222
361,223
361,224
361,225
361,226
361,227
361,228
361,229
361,230
361,231
361,232
361,233
361,234
361,235
361,236
361,237
361,238
361,239
361,240
361,241
361,242
361,243
361,244
361,245
361,246
361,247
361,248
361,249
361,250
361,251
361,252
361,253
361,254
361,255
361,256
361,257
361,258
361,259
361,260
361,261
361,262
361,263
361,264
361,265
361,266
361,267
361,268
361,269
361,270
361,271
361,272
361,273
361,274
361,275
361,276
361,277
361,278
361,279
361,280
361,281
361,282
361,283
361,284
361,285
361,286
361,287
361,288
361,289
361,290
361,291
361,292
361,293
361,294
361,295
361,296
361,297
361,298
361,299
361,300
361,301
361,302
361,303
361,304
361,305
361,306
361,307
361,308
361,309
361,310
361,311
361,312
361,313
361,314
361,315
361,316
361,317
361,318
361,319
361,320
361,321
361,322
361,323
361,324
361,325
361,326
361,327
361,328
361,329
361,330
361,331
361,332
361,333
361,334
361,335
361,336
361,337
361,338
361,339
361,340
361,341
361,342
361,343
361,344
361,345
361,346
361,347
361,348
361,349
361,350
361,351
361,352
361,353
361,354
361,355
361,356
361,357
361,358
361,359
361,360
361,361
361,362
361,363
361,364
361,365
361,366
361,367
361,368
361,369
361,370
361,371
361,372
361,373
361,374
361,375
361,376
361,377
361,378
361,379
361,380
361,381
361,382
361,383
361,384
361,385
361,386
361,387
361,388
361,389
361,390
361,391
361,392
361,393
361,394
361,395
361,396
361,397
361,398
361,399
361,400
361,401
361,402
361,403
361,404
361,405
361,406
361,407
361,408
361,409
361,410
361,411
361,412
361,413
361,414
361,415
361,416
361,417
361,418
361,419
361,420
361,421
361,422
361,423
361,424
361,425
361,426
361,427
361,428
361,429
361,430
361,431
361,432
361,433
361,434
361,435
361,436
361,437
361,438
361,439
361,440
361,441
361,442
361,443
361,444
361,445
361,446
361,447
361,448
361,449
361,450
361,451
361,452
361,453
361,454
361,455
361,456
361,457
361,458
361,459
361,460
361,461
361,462
361,463
361,464
361,465
361,466
361,467
361,468
361,469
361,470
361,471
361,472
361,473
361,474
361,475
361,476
361,477
361,478
361,479
361,480
361,481
361,482
361,483
361,484
361,485
360,486
360,487
360,488
359,489
359,490
358,491
357,492
356,493
355,494
354,495
353,495
352,496
351,496
350,496
349,497
348,497
347,497
346,497
345,497
344,497
343,497
342,496
341,496
340,496
339,495
338,495
337,494
336,493
335,492
334,491
333,490
333,489
332,488
332,487
332,486
331,485
331,484
331,483
331,482
331,481
331,480
331,479
331,478
331,477
331,476
331,475
331,474
331,473
331,472
331,471
331,470
331,469
331,468
331,467
331,466
331,465
331,464
331,463
331,462
331,461
331,460
331,459
331,458
331,457
331,456
331,455
331,454
331,453
331,452
331,451
331,450
331,449
331,448
331,447
331,446
331,445
331,444
331,443
331,442
331,441
331,440
331,439
331,438
331,437
331,436
331,435
331,434
331,433
331,432
331,431
331,430
331,429
331,428
331,427
331,426
331,425
331,424
331,423
331,422
331,421
331,420
331,419
331,418
331,417
331,416
331,415
331,414
331,413
331,412
331,411
331,410
331,409
331,408
331,407
331,406
331,405
331,404
331,403
331,402
331,401
331,400
331,399
331,398
331,397
331,396
331,395
331,394
331,393
331,392
331,391
331,390
331,389
331,388
331,387
331,386
331,385
331,384
331,383
331,382
331,381
331,380
331,379
331,378
331,377
331,376
331,375
331,374
331,373
331,372
331,371
331,370
331,369
331,368
331,367
331,366
331,365
331,364
331,363
331,362
331,361
331,360
331,359
331,358
331,357
331,356
331,355
331,354
331,353
331,352
331,351
331,350
331,349
331,348
331,347
331,346
331,345
331,344
331,343
331,342
331,341
331,340
331,339
331,338
331,337
331,336
331,335
331,334
331,333
331,332
331,331
331,330
331,329
331,328
331,327
331,326
331,325
331,324
331,323
331,322
331,321
331,320
331,319
331,318
331,317
331,316
331,315
331,314
331,313
331,312
331,311
331,310
331,309
331,308
331,307
331,306
331,305
331,304
331,303
331,302
331,301
331,300
331,299
331,298
331,297
331,296
331,295
331,294
331,293
331,292
331,291
331,290
331,289
331,288
331,287
331,286
331,285
331,284
331,283
331,282
331,281
331,280
331,279
331,278
331,277
331,276
331,275
331,274
331,273
331,272
331,271
331,270
331,269
331,268
331,267
331,266
331,265
331,264
331,263
331,262
331,261
331,260
331,259
331,258
331,257
331,256
331,255
331,254
331,253
331,252
331,251
331,250
331,249
331,248
331,247
331,246
331,245
331,244
331,243
331,242
331,241
331,240
331,239
331,238
331,237
331,236
331,235
331,234
331,233
331,232
331,231
331,230
331,229
331,228
331,227
331,226
331,225
331,224
331,223
331,222
331,221
331,220
331,219
331,218
331,217
331,216
331,215
331,214
331,213
331,212
331,211
331,210
331,209
331,208
331,207
331,206
331,205
331,204
331,203
331,202
331,201
331,200
331,199
331,198
331,197
331,196
331,195
331,194
331,193
331,192
331,191
331,190
331,189
331,188
331,187
331,186
331,185
331,184
331,183
331,182
331,181
331,180
331,179
331,178
331,177
331,176
331,175
331,174
331,173
331,172
331,171
331,170
331,169
331,168
331,167
331,166
331,165
331,164
331,163
331,162
331,161
331,160
331,159
331,158
331,157
331,156
331,155
331,154
331,153
331,152
331,151
331,150
331,149
331,148
331,147
331,146
331,145
331,144
331,143
331,142
331,141
331,140
331,139
331,138
331,137
331,136
331,135
331,134
331,133
331,132
331,131
331,130
331,129
331,128
331,127
331,126
331,125
331,124
331,123
331,122
331,121
331,120
331,119
331,118
331,117
331,116
331,115
331,114
331,113
331,112
331,111
331,110
331,109
331,108
331,107
331,106
331,105
331,104
331,103
331,102
331,101
331,100
331,99
331,98
331,97
331,96
331,95
331,94
331,93
331,92
331,91
331,90
331,89
331,88
331,87
331,86
331,85
331,84
331,83
331,82
331,81
331,80
331,79
331,78
331,77
331,76
331,75
331,74
331,73
331,72
331,71
331,70
331,69
331,68
331,67
331,66
331,65
331,64
331,63
331,62
331,61
331,60
331,59
331,58
331,57
331,56
331,55
331,54
331,53
331,52
331,51
331,50
331,49
331,48
331,47
331,46
331,45
331,44
331,43
331,42
331,41
331,40
331,39
331,38
331,37
331,36
331,35
331,34
331,33
331,32
331,31
331,30
331,29
331,28
331,27
330,26
330,25
330,24
329,23
329,22
328,21
327,20
326,19
325,18
324,17
323,17
322,16
321,16
320,16
319,15
318,15
317,15
316,15
315,15
314,15
313,15
312,16
311,16
310,16
309,17
308,17
307,18
306,19
305,20
304,21
303,22
303,23
302,24
302,25
302,26
301,27
301,28
301,29
301,30
301,31
301,32
301,33
301,34
301,35
301,36
301,37
301,38
301,39
301,40
301,41
301,42
301,43
301,44
301,45
301,46
301,47
301,48
301,49
301,50
301,51
301,52
301,53
301,54
301,55
301,56
301,57
301,58
301,59
301,60
301,61
301,62
301,63
301,64
301,65
301,66
301,67
301,68
301,69
301,70
301,71
301,72
301,73
301,74
301,75
301,76
301,77
301,78
301,79
301,80
301,81
301,82
301,83
301,84
301,85
301,86
301,87
301,88
301,89
301,90
301,91
301,92
301,93
301,94
301,95
301,96
301,97
301,98
301,99
301,100
301,101
301,102
301,103
301,104
301,105
301,106
301,107
301,108
301,109
301,110
301,111
301,112
301,113
301,114
301,115
301,116
301,117
301,118
301,119
301,120
301,121
301,122
301,123
301,124
301,125
301,126
301,127
301,128
301,129
301,130
301,131
301,132
301,133
301,134
301,135
301,136
301,137
301,138
301,139
301,140
301,141
301,142
301,143
301,144
301,145
301,146
301,147
301,148
301,149
301,150
301,151
301,152
301,153
301,154
301,155
301,156
301,157
301,158
301,159
301,160
301,161
301,162
301,163
301,164
301,165
301,166
301,167
301,168
301,169
301,170
301,171
301,172
301,173
301,174
301,175
301,176
301,177
301,178
301,179
301,180
301,181
301,182
301,183
301,184
301,185
301,186
301,187
301,188
301,189
301,190
301,191
301,192
301,193
301,194
301,195
301,196
301,197
301,198
301,199
301,200
301,201
301,202
301,203
301,204
301,205
301,206
301,207
301,208
301,209
301,210
301,211
301,212
301,213
301,214
301,215
301,216
301,217
301,218
301,219
301,220
301,221
301,222
301,223
301,224
301,225
301,226
301,227
301,228
301,229
301,230
301,231
301,232
301,233
301,234
301,235
301,236
301,237
301,238
301,239
301,240
301,241
301,242
301,243
301,244
301,245
301,246
301,247
301,248
301,249
301,250
301,251
301,252
301,253
301,254
301,255
301,256
301,257
301,258
301,259
301,260
301,261
301,262
301,263
301,264
301,265
301,266
301,267
301,268
301,269
301,270
301,271
301,272
301,273
301,274
301,275
301,276
301,277
301,278
301,279
301,280
301,281
301,282
301,283
301,284
301,285
301,286
301,287
301,288
301,289
301,290
301,291
301,292
301,293
301,294
301,295
301,296
301,297
301,298
301,299
301,300
301,301
301,302
301,303
301,304
301,305
301,306
301,307
301,308
301,309
301,310
301,311
301,312
301,313
301,314
301,315
301,316
301,317
301,318
301,319
301,320
301,321
301,322
301,323
301,324
301,325
301,326
301,327
301,328
301,329
301,330
301,331
301,332
301,333
301,334
301,335
301,336
301,337
301,338
301,339
301,340
301,341
301,342
301,343
301,344
301,345
301,346
301,347
301,348
301,349
301,350
301,351
301,352
301,353
301,354
301,355
301,356
301,357
301,358
301,359
301,360
301,361
301,362
301,363
301,364
301,365
301,366
301,367
301,368
301,369
301,370
301,371
301,372
301,373
301,374
301,375
301,376
301,377
301,378
301,379
301,380
301,381
301,382
301,383
301,384
301,385
301,386
301,387
301,388
301,389
301,390
301,391
301,392
301,393
301,394
301,395
301,396
301,397
301,398
301,399
301,400
301,401
301,402
301,403
301,404
301,405
301,406
301,407
301,408
301,409
301,410
301,411
301,412
301,413
301,414
301,415
301,416
301,417
301,418
301,419
301,420
301,421
301,422
301,423
301,424
301,425
301,426
301,427
301,428
301,429
301,430
301,431
301,432
301,433
301,434
301,435
301,436
301,437
301,438
301,439
301,440
301,441
301,442
301,443
301,444
301,445
301,446
301,447
301,448
301,449
301,450
301,451
301,452
301,453
301,454
301,455
301,456
301,457
301,458
301,459
301,460
301,461
301,462
301,463
301,464
301,465
301,466
301,467
301,468
301,469
301,470
301,471
301,472
301,473
301,474
301,475
301,476
301,477
301,478
301,479
301,480
301,481
301,482
301,483
301,484
301,485
300,486
300,487
300,488
299,489
299,490
298,491
297,492
296,493
295,494
294,495
293,495
292,496
291,496
290,496
289,497
288,497
287,497
286,497
285,497
284,497
283,497
282,496
281,496
280,496
279,495
278,495
277,494
276,493
275,492
274,491
273,490
273,489
272,488
272,487
272,486
271,485
271,484
271,483
271,482
271,481
271,480
271,479
271,478
271,477
271,476
271,475
271,474
271,473
271,472
271,471
271,470
271,469
271,468
271,467
271,466
271,465
271,464
271,463
271,462
271,461
271,460
271,459
271,458
271,457
271,456
271,455
271,454
271,453
271,452
271,451
271,450
271,449
271,448
271,447
271,446
271,445
271,444
271,443
271,442
271,441
271,440
271,439
271,438
271,437
271,436
271,435
271,434
271,433
271,432
271,431
271,430
271,429
271,428
271,427
271,426
271,425
271,424
271,423
271,422
271,421
271,420
271,419
271,418
271,417
271,416
271,415
271,414
271,413
271,412
271,411
271,410
271,409
271,408
271,407
271,406
271,405
271,404
271,403
271,402
271,401
271,400
271,399
271,398
271,397
271,396
271,395
271,394
271,393
271,392
271,391
271,390
271,389
271,388
271,387
271,386
271,385
271,384
271,383
271,382
271,381
271,380
271,379
271,378
271,377
271,376
271,375
271,374
271,373
271,372
271,371
271,370
271,369
271,368
271,367
271,366
271,365
271,364
271,363
271,362
271,361
271,360
271,359
271,358
271,357
271,356
271,355
271,354
271,353
271,352
271,351
271,350
271,349
271,348
271,347
271,346
271,345
271,344
271,343
271,342
271,341
271,340
271,339
271,338
271,337
271,336
271,335
271,334
271,333
271,332
271,331
271,330
271,329
271,328
271,327
271,326
271,325
271,324
271,323
271,322
271,321
271,320
271,319
271,318
271,317
271,316
271,315
271,314
271,313
271,312
271,311
271,310
271,309
271,308
271,307
271,306
271,305
271,304
271,303
271,302
271,301
271,300
271,299
271,298
271,297
271,296
271,295
271,294
271,293
271,292
271,291
271,290
271,289
271,288
271,287
271,286
271,285
271,284
271,283
271,282
271,281
271,280
271,279
271,278
271,277
271,276
271,275
271,274
271,273
271,272
271,271
271,270
271,269
271,268
271,267
271,266
271,265
271,264
271,263
271,262
271,261
271,260
271,259
271,258
271,257
271,256
271,255
271,254
271,253
271,252
271,251
271,250
271,249
271,248
271,247
271,246
271,245
271,244
271,243
271,242
271,241
271,240
271,239
271,238
271,237
271,236
271,235
271,234
271,233
271,232
271,231
271,230
271,229
271,228
271,227
271,226
271,225
271,224
271,223
271,222
271,221
271,220
271,219
271,218
271,217
271,216
271,215
271,214
271,213
271,212
271,211
271,210
271,209
271,208
271,207
271,206
271,205
271,204
271,203
271,202
271,201
271,200
271,199
271,198
271,197
271,196
271,195
271,194
271,193
271,192
271,191
271,190
271,189
271,188
271,187
271,186
271,185
271,184
271,183
271,182
271,181
271,180
271,179
271,178
271,177
271,176
271,175
271,174
271,173
271,172
271,171
271,170
271,169
271,168
271,167
271,166
271,165
271,164
271,163
271,162
271,161
271,160
271,159
271,158
271,157
271,156
271,155
271,154
271,153
271,152
271,151
271,150
271,149
271,148
271,147
271,146
271,145
271,144
271,143
271,142
271,141
271,140
271,139
271,138
271,137
271,136
271,135
271,134
271,133
271,132
271,131
271,130
271,129
271,128
271,127
271,126
271,125
271,124
271,123
271,122
271,121
271,120
271,119
271,118
271,117
271,116
271,115
271,114
271,113
271,112
271,111
271,110
271,109
271,108
271,107
271,106
271,105
271,104
271,103
271,102
271,101
271,100
271,99
271,98
271,97
271,96
271,95
271,94
271,93
271,92
271,91
271,90
271,89
271,88
271,87
271,86
271,85
271,84
271,83
271,82
271,81
271,80
271,79
271,78
271,77
271,76
271,75
271,74
271,73
271,72
271,71
271,70
271,69
271,68
271,67
271,66
271,65
271,64
271,63
271,62
271,61
271,60
271,59
271,58
271,57
271,56
271,55
271,54
271,53
271,52
271,51
271,50
271,49
271,48
271,47
271,46
271,45
271,44
271,43
271,42
271,41
271,40
271,39
271,38
271,37
271,36
271,35
271,34
271,33
271,32
271,31
271,30
271,29
271,28
271,27
270,26
270,25
270,24
269,23
269,22
268,21
267,20
266,19
265,18
264,17
263,17
262,16
261,16
260,16
259,15
258,15
257,15
256,15
255,15
254,15
253,15
252,16
251,16
250,16
249,17
248,17
247,18
246,19
245,20
244,21
243,22
243,23
242,24
242,25
242,26
241,27
241,28
241,29
241,30
241,31
241,32
241,33
241,34
241,35
241,36
241,37
241,38
241,39
241,40
241,41
241,42
241,43
241,44
241,45
241,46
241,47
241,48
241,49
241,50
241,51
241,52
241,53
241,54
241,55
241,56
241,57
241,58
241,59
241,60
241,61
241,62
241,63
241,64
241,65
241,66
241,67
241,68
241,69
241,70
241,71
241,72
241,73
241,74
241,75
241,76
241,77
241,78
241,79
241,80
241,81
241,82
241,83
241,84
241,85
241,86
241,87
241,88
241,89
241,90
241,91
241,92
241,93
241,94
241,95
241,96
241,97
241,98
241,99
241,100
241,101
241,102
241,103
241,104
241,105
241,106
241,107
241,108
241,109
241,110
241,111
241,112
241,113
241,114
241,115
241,116
241,117
241,118
241,119
241,120
241,121
241,122
241,123
241,124
241,125
241,126
241,127
241,128
241,129
241,130
241,131
241,132
241,133
241,134
241,135
241,136
241,137
241,138
241,139
241,140
241,141
241,142
241,143
241,144
241,145
241,146
241,147
241,148
241,149
241,150
241,151
241,152
241,153
241,154
241,155
241,156
241,157
241,158
241,159
241,160
241,161
241,162
241,163
241,164
241,165
241,166
241,167
241,168
241,169
241,170
241,171
241,172
241,173
241,174
241,175
241,176
241,177
241,178
241,179
241,180
241,181
241,182
241,183
241,184
241,185
241,186
241,187
241,188
241,189
241,190
241,191
241,192
241,193
241,194
241,195
241,196
241,197
241,198
241,199
241,200
241,201
241,202
241,203
241,204
241,205
241,206
241,207
241,208
241,209
241,210
241,211
241,212
241,213
241,214
241,215
241,216
241,217
241,218
241,219
241,220
241,221
241,222
241,223
241,224
241,225
241,226
241,227
241,228
241,229
241,230
241,231
241,232
241,233
241,234
241,235
241,236
241,237
241,238
241,239
241,240
241,241
241,242
241,243
241,244
241,245
241,246
241,247
241,248
241,249
241,250
241,251
241,252
241,253
241,254
241,255
241,256
241,257
241,258
241,259
241,260
241,261
241,262
241,263
241,264
241,265
241,266
241,267
241,268
241,269
241,270
241,271
241,272
241,273
241,274
241,275
241,276
241,277
241,278
241,279
241,280
241,281
241,282
241,283
241,284
241,285
241,286
241,287
241,288
241,289
241,290
241,291
241,292
241,293
241,294
241,295
241,296
241,297
241,298
241,299
241,300
241,301
241,302
241,303
241,304
241,305
241,306
241,307
241,308
241,309
241,310
241,311
241,312
241,313
241,314
241,315
241,316
241,317
241,318
241,319
241,320
241,321
241,322
241,323
241,324
241,325
241,326
241,327
241,328
241,329
241,330
241,331
241,332
241,333
241,334
241,335
241,336
241,337
241,338
241,339
241,340
241,341
241,342
241,343
241,344
241,345
241,346
241,347
241,348
241,349
241,350
241,351
241,352
241,353
241,354
241,355
241,356
241,357
241,358
241,359
241,360
241,361
241,362
241,363
241,364
241,365
241,366
241,367
241,368
241,369
241,370
241,371
241,372
241,373
241,374
241,375
241,376
241,377
241,378
241,379
241,380
241,381
241,382
241,383
241,384
241,385
241,386
241,387
241,388
241,389
241,390
241,391
241,392
241,393
241,394
241,395
241,396
241,397
241,398
241,399
241,400
241,401
241,402
241,403
241,404
241,405
241,406
241,407
241,408
241,409
241,410
241,411
241,412
241,413
241,414
241,415
241,416
241,417
241,418
241,419
241,420
241,421
241,422
241,423
241,424
241,425
241,426
241,427
241,428
241,429
241,430
241,431
241,432
241,433
241,434
241,435
241,436
241,437
241,438
241,439
241,440
241,441
241,442
241,443
241,444
241,445
241,446
241,447
241,448
241,449
241,450
241,451
241,452
241,453
241,454
241,455
241,456
241,457
241,458
241,459
241,460
241,461
241,462
241,463
241,464
241,465
241,466
241,467
241,468
241,469
241,470
241,471
241,472
241,473
241,474
241,475
241,476
241,477
241,478
241,479
241,480
241,481
241,482
241,483
241,484
241,485
240,486
240,487
240,488
239,489
239,490
238,491
237,492
236,493
235,494
234,495
233,495
232,496
231,496
230,496
229,497
228,497
227,497
226,497
225,497
224,497
223,497
222,496
221,496
220,496
219,495
218,495
217,494
216,493
215,492
214,491
213,490
213,489
212,488
212,487
212,486
211,485
211,484
211,483
211,482
211,481
211,480
211,479
211,478
211,477
211,476
211,475
211,474
211,473
211,472
211,471
211,470
211,469
211,468
211,467
211,466
211,465
211,464
211,463
211,462
211,461
211,460
211,459
211,458
211,457
211,456
211,455
211,454
211,453
211,452
211,451
211,450
211,449
211,448
211,447
211,446
211,445
211,444
211,443
211,442
211,441
211,440
211,439
211,438
211,437
211,436
211,435
211,434
211,433
211,432
211,431
211,430
211,429
211,428
211,427
211,426
211,425
211,424
211,423
211,422
211,421
211,420
211,419
211,418
211,417
211,416
211,415
211,414
211,413
211,412
211,411
211,410
211,409
211,408
211,407
211,406
211,405
211,404
211,403
211,402
211,401
211,400
211,399
211,398
211,397
211,396
211,395
211,394
211,393
211,392
211,391
211,390
211,389
211,388
211,387
211,386
211,385
211,384
211,383
211,382
211,381
211,380
211,379
211,378
211,377
211,376
211,375
211,374
211,373
211,372
211,371
211,370
211,369
211,368
211,367
211,366
211,365
211,364
211,363
211,362
211,361
211,360
211,359
211,358
211,357
211,356
211,355
211,354
211,353
211,352
211,351
211,350
211,349
211,348
211,347
211,346
211,345
211,344
211,343
211,342
211,341
211,340
211,339
211,338
211,337
211,336
211,335
211,334
211,333
211,332
211,331
211,330
211,329
211,328
211,327
211,326
211,325
211,324
211,323
211,322
211,321
211,320
211,319
211,318
211,317
211,316
211,315
211,314
211,313
211,312
211,311
211,310
211,309
211,308
211,307
211,306
211,305
211,304
211,303
211,302
211,301
211,300
211,299
211,298
211,297
211,296
211,295
211,294
211,293
211,292
211,291
211,290
211,289
211,288
211,287
211,286
211,285
211,284
211,283
211,282
211,281
211,280
211,279
211,278
211,277
211,276
211,275
211,274
211,273
211,272
211,271
211,270
211,269
211,268
211,267
211,266
211,265
211,264
211,263
211,262
211,261
211,260
211,259
211,258
211,257
211,256
211,255
211,254
211,253
211,252
211,251
211,250
211,249
211,248
211,247
211,246
211,245
211,244
211,243
211,242
211,241
211,240
211,239
211,238
211,237
211,236
211,235
211,234
211,233
211,232
211,231
211,230
211,229
211,228
211,227
211,226
211,225
211,224
211,223
211,222
211,221
211,220
211,219
211,218
211,217
211,216
211,215
211,214
211,213
211,212
211,211
211,210
211,209
211,208
211,207
211,206
211,205
211,204
211,203
211,202
211,201
211,200
211,199
211,198
211,197
211,196
211,195
211,194
211,193
211,192
211,191
211,190
211,189
211,188
211,187
211,186
211,185
211,184
211,183
211,182
211,181
211,180
211,179
211,178
211,177
211,176
211,175
211,174
211,173
211,172
211,171
211,170
211,169
211,168
211,167
211,166
211,165
211,164
211,163
211,162
211,161
211,160
211,159
211,158
211,157
211,156
211,155
211,154
211,153
211,152
211,151
211,150
211,149
211,148
211,147
211,146
211,145
211,144
211,143
211,142
211,141
211,140
211,139
211,138
211,137
211,136
211,135
211,134
211,133
211,132
211,131
211,130
211,129
211,128
211,127
211,126
211,125
211,124
211,123
211,122
211,121
211,120
211,119
211,118
211,117
211,116
211,115
211,114
211,113
211,112
211,111
211,110
211,109
211,108
211,107
211,106
211,105
211,104
211,103
211,102
211,101
211,100
211,99
211,98
211,97
211,96
211,95
211,94
211,93
211,92
211,91
211,90
211,89
211,88
211,87
211,86
211,85
211,84
211,83
211,82
211,81
211,80
211,79
211,78
211,77
211,76
211,75
211,74
211,73
211,72
211,71
211,70
211,69
211,68
211,67
211,66
211,65
211,64
211,63
211,62
211,61
211,60
211,59
211,58
211,57
211,56
211,55
211,54
211,53
211,52
211,51
211,50
211,49
211,48
211,47
211,46
211,45
211,44
211,43
211,42
211,41
211,40
211,39
211,38
211,37
211,36
211,35
211,34
211,33
211,32
211,31
211,30
211,29
211,28
210,27
210,26
210,25
209,24
209,23
208,22
207,21
206,20
205,19
204,18
203,18
202,17
201,17
200,17
199,16
198,16
197,16
196,16
195,16
194,16
193,16
192,17
191,17
190,17
189,18
188,18
187,19
186,20
185,21
184,22
183,23
183,24
182,25
182,26
182,27
181,28
181,29
181,30
181,31
181,32
181,33
181,34
181,35
181,36
181,37
181,38
181,39
181,40
181,41
181,42
181,43
181,44
181,45
181,46
181,47
181,48
181,49
181,50
181,51
181,52
181,53
181,54
181,55
181,56
181,57
181,58
181,59
181,60
181,61
181,62
181,63
181,64
181,65
181,66
181,67
181,68
181,69
181,70
181,71
181,72
181,73
181,74
181,75
181,76
181,77
181,78
181,79
181,80
181,81
181,82
181,83
181,84
181,85
181,86
181,87
181,88
181,89
181,90
181,91
181,92
181,93
181,94
181,95
181,96
181,97
181,98
181,99
181,100
181,101
181,102
181,103
181,104
181,105
181,106
181,107
181,108
181,109
181,110
181,111
181,112
181,113
181,114
181,115
181,116
181,117
181,118
181,119
181,120
181,121
181,122
181,123
181,124
181,125
181,126
181,127
181,128
181,129
181,130
181,131
181,132
181,133
181,134
181,135
181,136
181,137
181,138
181,139
181,140
181,141
181,142
181,143
181,144
181,145
181,146
181,147
181,148
181,149
181,150
181,151
181,152
181,153
181,154
181,155
181,156
181,157
181,158
181,159
181,160
181,161
181,162
181,163
181,164
181,165
181,166
181,167
181,168
181,169
181,170
181,171
181,172
181,173
181,174
181,175
181,176
181,177
181,178
181,179
181,180
181,181
181,182
181,183
181,184
181,185
181,186
181,187
181,188
181,189
181,190
181,191
181,192
181,193
181,194
181,195
181,196
181,197
181,198
181,199
181,200
181,201
181,202
181,203
181,204
181,205
181,206
181,207
181,208
181,209
181,210
181,211
181,212
181,213
181,214
181,215
181,216
181,217
181,218
181,219
181,220
181,221
181,222
181,223
181,224
181,225
181,226
181,227
181,228
181,229
181,230
181,231
181,232
181,233
181,234
181,235
181,236
181,237
181,238
181,239
181,240
181,241
181,242
181,243
181,244
181,245
181,246
181,247
181,248
181,249
181,250
181,251
181,252
181,253
181,254
181,255
181,256
181,257
181,258
181,259
181,260
181,261
181,262
181,263
181,264
181,265
181,266
181,267
181,268
181,269
181,270
181,271
181,272
181,273
181,274
181,275
181,276
181,277
181,278
181,279
181,280
181,281
181,282
181,283
181,284
181,285
181,286
181,287
181,288
181,289
181,290
181,291
181,292
181,293
181,294
181,295
181,296
181,297
181,298
181,299
181,300
181,301
181,302
181,303
181,304
181,305
181,306
181,307
181,308
181,309
181,310
181,311
181,312
181,313
181,314
181,315
181,316
181,317
181,318
181,319
181,320
181,321
181,322
181,323
181,324
181,325
181,326
181,327
181,328
181,329
181,330
181,331
181,332
181,333
181,334
181,335
181,336
181,337
181,338
181,339
181,340
181,341
181,342
181,343
181,344
181,345
181,346
181,347
181,348
181,349
181,350
181,351
181,352
181,353
181,354
181,355
181,356
181,357
181,358
181,359
181,360
181,361
181,362
181,363
181,364
181,365
181,366
181,367
181,368
181,369
181,370
181,371
181,372
181,373
181,374
181,375
181,376
181,377
181,378
181,379
181,380
181,381
181,382
181,383
181,384
181,385
181,386
181,387
181,388
181,389
181,390
181,391
181,392
181,393
181,394
181,395
181,396
181,397
181,398
181,399
181,400
181,401
181,402
181,403
181,404
181,405
181,406
181,407
181,408
181,409
181,410
181,411
181,412
181,413
181,414
181,415
181,416
181,417
181,418
181,419
181,420
181,421
181,422
181,423
181,424
181,425
181,426
181,427
181,428
181,429
181,430
181,431
181,432
181,433
181,434
181,435
181,436
181,437
181,438
181,439
181,440
181,441
181,442
181,443
181,444
181,445
181,446
181,447
181,448
181,449
181,450
181,451
181,452
181,453
181,454
181,455
181,456
181,457
181,458
181,459
181,460
181,461
181,462
181,463
181,464
181,465
181,466
181,467
181,468
181,469
181,470
181,471
181,472
181,473
181,474
181,475
181,476
181,477
181,478
181,479
181,480
181,481
181,482
181,483
181,484
181,485
180,486
180,487
180,488
179,489
179,490
178,491
177,492
176,493
175,494
174,495
173,495
172,496
171,496
170,496
169,497
168,497
167,497
166,497
165,497
164,497
163,497
162,496
161,496
160,496
159,495
158,495
157,494
156,493
155,492
154,491
153,490
153,489
152,488
152,487
152,486
151,485
151,484
151,483
151,482
151,481
151,480
151,479
151,478
151,477
151,476
151,475
151,474
151,473
151,472
151,471
151,470
151,469
151,468
151,467
151,466
151,465
151,464
151,463
151,462
151,461
151,460
151,459
151,458
151,457
151,456
151,455
151,454
151,453
151,452
151,451
151,450
151,449
151,448
151,447
151,446
151,445
151,444
151,443
151,442
151,441
151,440
151,439
151,438
151,437
151,436
151,435
151,434
151,433
151,432
151,431
151,430
151,429
151,428
151,427
151,426
151,425
151,424
151,423
151,422
151,421
151,420
151,419
151,418
151,417
151,416
151,415
151,414
151,413
151,412
151,411
151,410
151,409
151,408
151,407
151,406
151,405
151,404
151,403
151,402
151,401
151,400
151,399
151,398
151,397
151,396
151,395
151,394
151,393
151,392
151,391
151,390
151,389
151,388
151,387
151,386
151,385
151,384
151,383
151,382
151,381
151,380
151,379
151,378
151,377
151,376
151,375
151,374
151,373
151,372
151,371
151,370
151,369
151,368
151,367
151,366
151,365
151,364
151,363
151,362
151,361
151,360
151,359
151,358
151,357
151,356
151,355
151,354
151,353
151,352
151,351
151,350
151,349
151,348
151,347
151,346
151,345
151,344
151,343
151,342
151,341
151,340
151,339
151,338
151,337
151,336
151,335
151,334
151,333
151,332
151,331
151,330
151,329
151,328
151,327
151,326
151,325
151,324
151,323
151,322
151,321
151,320
151,319
151,318
151,317
151,316
151,315
151,314
151,313
151,312
151,311
151,310
151,309
151,308
151,307
151,306
151,305
151,304
151,303
151,302
151,301
151,300
151,299
151,298
151,297
151,296
151,295
151,294
151,293
151,292
151,291
151,290
151,289
151,288
151,287
151,286
151,285
151,284
151,283
151,282
151,281
151,280
151,279
151,278
151,277
151,276
151,275
151,274
151,273
151,272
151,271
151,270
151,269
151,268
151,267
151,266
151,265
151,264
151,263
151,262
151,261
151,260
151,259
151,258
151,257
151,256
151,255
151,254
151,253
151,252
151,251
151,250
151,249
151,248
151,247
151,246
151,245
151,244
151,243
151,242
151,241
151,240
151,239
151,238
151,237
151,236
151,235
151,234
151,233
151,232
151,231
151,230
151,229
151,228
151,227
151,226
151,225
151,224
151,223
151,222
151,221
151,220
151,219
151,218
151,217
151,216
151,215
151,214
151,213
151,212
151,211
151,210
151,209
151,208
151,207
151,206
151,205
151,204
151,203
151,202
151,201
151,200
151,199
151,198
151,197
151,196
151,195
151,194
151,193
151,192
151,191
151,190
151,189
151,188
151,187
151,186
151,185
151,184
151,183
151,182
151,181
151,180
151,179
151,178
151,177
151,176
151,175
151,174
151,173
151,172
151,171
151,170
151,169
151,168
151,167
151,166
151,165
151,164
151,163
151,162
151,161
151,160
151,159
151,158
151,157
151,156
151,155
151,154
151,153
151,152
151,151
151,150
151,149
151,148
151,147
151,146
151,145
151,144
151,143
151,142
151,141
151,140
151,139
151,138
151,137
151,136
151,135
151,134
151,133
151,132
151,131
151,130
151,129
151,128
151,127
151,126
151,125
151,124
151,123
151,122
151,121
151,120
151,119
151,118
151,117
151,116
151,115
151,114
151,113
151,112
151,111
151,110
151,109
151,108
151,107
151,106
151,105
151,104
151,103
151,102
151,101
151,100
151,99
151,98
151,97
151,96
151,95
151,94
151,93
151,92
151,91
151,90
151,89
151,88
151,87
151,86
151,85
151,84
151,83
151,82
151,81
151,80
151,79
151,78
151,77
151,76
151,75
151,74
151,73
151,72
151,71
151,70
151,69
151,68
151,67
151,66
151,65
151,64
151,63
151,62
151,61
151,60
151,59
151,58
151,57
151,56
151,55
151,54
151,53
151,52
151,51
151,50
151,49
151,48
151,47
151,46
151,45
151,44
151,43
151,42
151,41
151,40
151,39
151,38
151,37
151,36
151,35
151,34
151,33
151,32
151,31
151,30
151,29
151,28
151,27
150,26
150,25
150,24
149,23
149,22
148,21
147,20
146,19
145,18
144,17
143,17
142,16
141,16
140,16
139,15
138,15
137,15
136,15
135,15
134,15
133,15
132,16
131,16
130,16
129,17
128,17
127,18
126,19
125,20
124,21
123,22
123,23
122,24
122,25
122,26
121,27
121,28
121,29
121,30
121,31
121,32
121,33
121,34
121,35
121,36
121,37
121,38
121,39
121,40
121,41
121,42
121,43
121,44
121,45
121,46
121,47
121,48
121,49
121,50
121,51
121,52
121,53
121,54
121,55
121,56
121,57
121,58
121,59
121,60
121,61
121,62
121,63
121,64
121,65
121,66
121,67
121,68
121,69
121,70
121,71
121,72
121,73
121,74
121,75
121,76
121,77
121,78
121,79
121,80
121,81
121,82
121,83
121,84
121,85
121,86
121,87
121,88
121,89
121,90
121,91
121,92
121,93
121,94
121,95
121,96
121,97
121,98
121,99
121,100
121,101
121,102
121,103
121,104
121,105
121,106
121,107
121,108
121,109
121,110
121,111
121,112
121,113
121,114
121,115
121,116
121,117
121,118
121,119
121,120
121,121
121,122
121,123
121,124
121,125
121,126
121,127
121,128
121,129
121,130
121,131
121,132
121,133
121,134
121,135
121,136
121,137
121,138
121,139
121,140
121,141
121,142
121,143
121,144
121,145
121,146
121,147
121,148
121,149
121,150
121,151
121,152
121,153
121,154
121,155
121,156
121,157
121,158
121,159
121,160
121,161
121,162
121,163
121,164
121,165
121,166
121,167
121,168
121,169
121,170
121,171
121,172
121,173
121,174
121,175
121,176
121,177
121,178
121,179
121,180
121,181
121,182
121,183
121,184
121,185
121,186
121,187
121,188
121,189
121,190
121,191
121,192
121,193
121,194
121,195
121,196
121,197
121,198
121,199
121,200
121,201
121,202
121,203
121,204
121,205
121,206
121,207
121,208
121,209
121,210
121,211
121,212
121,213
121,214
121,215
121,216
121,217
121,218
121,219
121,220
121,221
121,222
121,223
121,224
121,225
121,226
121,227
121,228
121,229
121,230
121,231
121,232
121,233
121,234
121,235
121,236
121,237
121,238
121,239
121,240
121,241
121,242
121,243
121,244
121,245
121,246
121,247
121,248
121,249
121,250
121,251
121,252
121,253
121,254
121,255
121,256
121,257
121,258
121,259
121,260
121,261
121,262
121,263
121,264
121,265
121,266
121,267
121,268
121,269
121,270
121,271
121,272
121,273
121,274
121,275
121,276
121,277
121,278
121,279
121,280
121,281
121,282
121,283
121,284
121,285
121,286
121,287
121,288
121,289
121,290
121,291
121,292
121,293
121,294
121,295
121,296
121,297
121,298
121,299
121,300
121,301
121,302
121,303
121,304
121,305
121,306
121,307
121,308
121,309
121,310
121,311
121,312
121,313
121,314
121,315
121,316
121,317
121,318
121,319
121,320
121,321
121,322
121,323
121,324
121,325
121,326
121,327
121,328
121,329
121,330
121,331
121,332
121,333
121,334
121,335
121,336
121,337
121,338
121,339
121,340
121,341
121,342
121,343
121,344
121,345
121,346
121,347
121,348
121,349
121,350
121,351
121,352
121,353
121,354
121,355
121,356
121,357
121,358
121,359
121,360
121,361
121,362
121,363
121,364
121,365
121,366
121,367
121,368
121,369
121,370
121,371
121,372
121,373
121,374
121,375
121,376
121,377
121,378
121,379
121,380
121,381
121,382
121,383
121,384
121,385
121,386
121,387
121,388
121,389
121,390
121,391
121,392
121,393
121,394
121,395
121,396
121,397
121,398
121,399
121,400
121,401
121,402
121,403
121,404
121,405
121,406
121,407
121,408
121,409
121,410
121,411
121,412
121,413
121,414
121,415
121,416
121,417
121,418
121,419
121,420
121,421
121,422
121,423
121,424
121,425
121,426
121,427
121,428
121,429
121,430
121,431
121,432
121,433
121,434
121,435
121,436
121,437
121,438
121,439
121,440
121,441
121,442
121,443
121,444
121,445
121,446
121,447
121,448
121,449
121,450
121,451
121,452
121,453
121,454
121,455
121,456
121,457
121,458
121,459
121,460
121,461
121,462
121,463
121,464
121,465
121,466
121,467
121,468
121,469
121,470
121,471
121,472
121,473
121,474
121,475
121,476
121,477
121,478
121,479
121,480
121,481
121,482
121,483
121,484
121,485
120,486
120,487
120,488
119,489
119,490
118,491
117,492
116,493
115,494
114,495
113,495
112,496
111,496
110,496
109,497
108,497
107,497
106,497
105,497
104,497
103,497
102,496
101,496
100,496
99,495
98,495
97,494
96,493
95,492
94,491
93,490
93,489
92,488
92,487
92,486
91,485
91,484
91,483
91,482
91,481
91,480
91,479
91,478
91,477
91,476
91,475
91,474
91,473
91,472
91,471
91,470
91,469
91,468
91,467
91,466
91,465
91,464
91,463
91,462
91,461
91,460
91,459
91,458
91,457
91,456
91,455
91,454
91,453
91,452
91,451
91,450
91,449
91,448
91,447
91,446
91,445
91,444
91,443
91,442
91,441
91,440
91,439
91,438
91,437
91,436
91,435
91,434
91,433
91,432
91,431
91,430
91,429
91,428
91,427
91,426
91,425
91,424
91,423
91,422
91,421
91,420
91,419
91,418
91,417
91,416
91,415
91,414
91,413
91,412
91,411
91,410
91,409
91,408
91,407
91,406
91,405
91,404
91,403
91,402
91,401
91,400
91,399
91,398
91,397
91,396
91,395
91,394
91,393
91,392
91,391
91,390
91,389
91,388
91,387
91,386
91,385
91,384
91,383
91,382
91,381
91,380
91,379
91,378
91,377
91,376
91,375
91,374
91,373
91,372
91,371
91,370
91,369
91,368
91,367
91,366
91,365
91,364
91,363
91,362
91,361
91,360
91,359
91,358
91,357
91,356
91,355
91,354
91,353
91,352
91,351
91,350
91,349
91,348
91,347
91,346
91,345
91,344
91,343
91,342
91,341
91,340
91,339
91,338
91,337
91,336
91,335
91,334
91,333
91,332
91,331
91,330
91,329
91,328
91,327
91,326
91,325
91,324
91,323
91,322
91,321
91,320
91,319
91,318
91,317
91,316
91,315
91,314
91,313
91,312
91,311
91,310
91,309
91,308
91,307
91,306
91,305
91,304
91,303
91,302
91,301
91,300
91,299
91,298
91,297
91,296
91,295
91,294
91,293
91,292
91,291
91,290
91,289
91,288
91,287
91,286
91,285
91,284
91,283
91,282
91,281
91,280
91,279
91,278
91,277
91,276
91,275
91,274
91,273
91,272
91,271
91,270
91,269
91,268
91,267
91,266
91,265
91,264
91,263
91,262
91,261
91,260
91,259
91,258
91,257
91,256
91,255
91,254
91,253
91,252
91,251
91,250
91,249
91,248
91,247
91,246
91,245
91,244
91,243
91,242
91,241
91,240
91,239
91,238
91,237
91,236
91,235
91,234
91,233
91,232
91,231
91,230
91,229
91,228
91,227
91,226
91,225
91,224
91,223
91,222
91,221
91,220
91,219
91,218
91,217
91,216
91,215
91,214
91,213
91,212
91,211
91,210
91,209
91,208
91,207
91,206
91,205
91,204
91,203
91,202
91,201
91,200
91,199
91,198
91,197
91,196
91,195
91,194
91,193
91,192
91,191
91,190
91,189
91,188
91,187
91,186
91,185
91,184
91,183
91,182
91,181
91,180
91,179
91,178
91,177
91,176
91,175
91,174
91,173
91,172
91,171
91,170
91,169
91,168
91,167
91,166
91,165
91,164
91,163
91,162
91,161
91,160
91,159
91,158
91,157
91,156
91,155
91,154
91,153
91,152
91,151
91,150
91,149
91,148
91,147
91,146
91,145
91,144
91,143
91,142
91,141
91,140
91,139
91,138
91,137
91,136
91,135
91,134
91,133
91,132
91,131
91,130
91,129
91,128
91,127
91,126
91,125
91,124
91,123
91,122
91,121
91,120
91,119
91,118
91,117
91,116
91,115
91,114
91,113
91,112
91,111
91,110
91,109
91,108
91,107
91,106
91,105
91,104
91,103
91,102
91,101
91,100
91,99
91,98
91,97
91,96
91,95
91,94
91,93
91,92
91,91
91,90
91,89
91,88
91,87
91,86
91,85
91,84
91,83
91,82
91,81
91,80
91,79
91,78
91,77
91,76
91,75
91,74
91,73
91,72
91,71
91,70
91,69
91,68
91,67
91,66
91,65
91,64
91,63
91,62
91,61
91,60
91,59
91,58
91,57
91,56
91,55
91,54
91,53
91,52
91,51
91,50
91,49
91,48
91,47
91,46
91,45
91,44
91,43
91,42
91,41
91,40
91,39
91,38
91,37
91,36
91,35
91,34
91,33
91,32
91,31
91,30
91,29
91,28
91,27
90,26
90,25
90,24
89,23
89,22
88,21
87,20
86,19
85,18
84,17
83,17
82,16
81,16
80,16
79,15
78,15
77,15
76,15
75,15
74,15
73,15
72,16
71,16
70,16
69,17
68,17
67,18
66,19
65,20
64,21
63,22
63,23
62,24
62,25
62,26
61,27
61,28
61,29
61,30
61,31
61,32
61,33
61,34
61,35
61,36
61,37
61,38
61,39
61,40
61,41
61,42
61,43
61,44
61,45
61,46
61,47
61,48
61,49
61,50
61,51
61,52
61,53
61,54
61,55
61,56
61,57
61,58
61,59
61,60
61,61
61,62
61,63
61,64
61,65
61,66
61,67
61,68
61,69
61,70
61,71
61,72
61,73
61,74
61,75
61,76
61,77
61,78
61,79
61,80
61,81
61,82
61,83
61,84
61,85
61,86
61,87
61,88
61,89
61,90
61,91
61,92
61,93
61,94
61,95
61,96
61,97
61,98
61,99
61,100
61,101
61,102
61,103
61,104
61,105
61,106
61,107
61,108
61,109
61,110
61,111
61,112
61,113
61,114
61,115
61,116
61,117
61,118
61,119
61,120
61,121
61,122
61,123
61,124
61,125
61,126
61,127
61,128
61,129
61,130
61,131
61,132
61,133
61,134
61,135
61,136
61,137
61,138
61,139
61,140
61,141
61,142
61,143
61,144
61,145
61,146
61,147
61,148
61,149
61,150
61,151
61,152
61,153
61,154
61,155
61,156
61,157
61,158
61,159
61,160
61,161
61,162
61,163
61,164
61,165
61,166
61,167
61,168
61,169
61,170
61,171
61,172
61,173
61,174
61,175
61,176
61,177
61,178
61,179
61,180
61,181
61,182
61,183
61,184
61,185
61,186
61,187
61,188
61,189
61,190
61,191
61,192
61,193
61,194
61,195
61,196
61,197
61,198
61,199
61,200
61,201
61,202
61,203
61,204
61,205
61,206
61,207
61,208
61,209
61,210
61,211
61,212
61,213
61,214
61,215
61,216
61,217
61,218
61,219
61,220
61,221
61,222
61,223
61,224
61,225
61,226
61,227
61,228
61,229
61,230
61,231
61,232
61,233
61,234
61,235
61,236
61,237
61,238
61,239
61,240
61,241
61,242
61,243
61,244
61,245
61,246
61,247
61,248
61,249
61,250
61,251
61,252
61,253
61,254
61,255
61,256
61,257
61,258
61,259
61,260
61,261
61,262
61,263
61,264
61,265
61,266
61,267
61,268
61,269
61,270
61,271
61,272
61,273
61,274
61,275
61,276
61,277
61,278
61,279
61,280
61,281
61,282
61,283
61,284
61,285
61,286
61,287
61,288
61,289
61,290
61,291
61,292
61,293
61,294
61,295
61,296
61,297
61,298
61,299
61,300
61,301
61,302
61,303
61,304
61,305
61,306
61,307
61,308
61,309
61,310
61,311
61,312
61,313
61,314
61,315
61,316
61,317
61,318
61,319
61,320
61,321
61,322
61,323
61,324
61,325
61,326
61,327
61,328
61,329
61,330
61,331
61,332
61,333
61,334
61,335
61,336
61,337
61,338
61,339
61,340
61,341
61,342
61,343
61,344
61,345
61,346
61,347
61,348
61,349
61,350
61,351
61,352
61,353
61,354
61,355
61,356
61,357
61,358
61,359
61,360
61,361
61,362
61,363
61,364
61,365
61,366
61,367
61,368
61,369
61,370
61,371
61,372
61,373
61,374
61,375
61,376
61,377
61,378
61,379
61,380
61,381
61,382
61,383
61,384
61,385
61,386
61,387
61,388
61,389
61,390
61,391
61,392
61,393
61,394
61,395
61,396
61,397
61,398
61,399
61,400
61,401
61,402
61,403
61,404
61,405
61,406
61,407
61,408
61,409
61,410
61,411
61,412
61,413
61,414
61,415
61,416
61,417
61,418
61,419
61,420
61,421
61,422
61,423
61,424
61,425
61,426
61,427
61,428
61,429
61,430
61,431
61,432
61,433
61,434
61,435
61,436
61,437
61,438
61,439
61,440
61,441
61,442
61,443
61,444
61,445
61,446
61,447
61,448
61,449
61,450
61,451
61,452
61,453
61,454
61,455
61,456
61,457
61,458
61,459
61,460
61,461
61,462
61,463
61,464
61,465
61,466
61,467
61,468
61,469
61,470
61,471
61,472
61,473
61,474
61,475
61,476
61,477
61,478
61,479
61,480
61,481
61,482
61,483
61,484
61,485
60,486
60,487
60,488
59,489
59,490
58,491
57,492
56,493
55,494
54,495
53,495
52,496
51,496
50,496
49,497
48,497
47,497
46,497
45,497
44,497
43,497
42,496
41,496
40,496
39,495
38,495
37,494
36,493
35,492
34,491
33,490
33,489
32,488
32,487
32,486
31,485
31,484
31,483
31,482
31,481
31,480
31,479
31,478
31,477
31,476
31,475
31,474
31,473
31,472
31,471
31,470
31,469
31,468
31,467
31,466
31,465
31,464
31,463
31,462
31,461
31,460
31,459
31,458
31,457
31,456
31,455
31,454
31,453
31,452
31,451
31,450
31,449
31,448
31,447
31,446
31,445
31,444
31,443
31,442
31,441
31,440
31,439
31,438
31,437
31,436
31,435
31,434
31,433
31,432
31,431
31,430
31,429
31,428
31,427
31,426
31,425
31,424
31,423
31,422
31,421
31,420
31,419
31,418
31,417
31,416
31,415
31,414
31,413
31,412
31,411
31,410
31,409
31,408
31,407
31,406
31,405
31,404
31,403
31,402
31,401
31,400
31,399
31,398
31,397
31,396
31,395
31,394
31,393
31,392
31,391
31,390
31,389
31,388
31,387
31,386
31,385
31,384
31,383
31,382
31,381
31,380
31,379
31,378
31,377
31,376
31,375
31,374
31,373
31,372
31,371
31,370
31,369
31,368
31,367
31,366
31,365
31,364
31,363
31,362
31,361
31,360
31,359
31,358
31,357
31,356
31,355
31,354
31,353
31,352
31,351
31,350
31,349
31,348
31,347
31,346
31,345
31,344
31,343
31,342
31,341
31,340
31,339
31,338
31,337
31,336
31,335
31,334
31,333
31,332
31,331
31,330
31,329
31,328
31,327
31,326
31,325
31,324
31,323
31,322
31,321
31,320
31,319
31,318
31,317
31,316
31,315
31,314
31,313
31,312
31,311
31,310
31,309
31,308
31,307
31,306
31,305
31,304
31,303
31,302
31,301
31,300
31,299
31,298
31,297
31,296
31,295
31,294
31,293
31,292
31,291
31,290
31,289
31,288
31,287
31,286
31,285
31,284
31,283
31,282
31,281
31,280
31,279
31,278
31,277
31,276
31,275
31,274
31,273
31,272
31,271
31,270
31,269
31,268
31,267
31,266
31,265
31,264
31,263
31,262
31,261
31,260
31,259
31,258
31,257
31,256
31,255
31,254
31,253
31,252
31,251
31,250
31,249
31,248
31,247
31,246
31,245
31,244
31,243
31,242
31,241
31,240
31,239
31,238
31,237
31,236
31,235
31,234
31,233
31,232
31,231
31,230
31,229
31,228
31,227
31,226
31,225
31,224
31,223
31,222
31,221
31,220
31,219
31,218
31,217
31,216
31,215
31,214
31,213
31,212
31,211
31,210
31,209
31,208
31,207
31,206
31,205
31,204
31,203
31,202
31,201
31,200
31,199
31,198
31,197
31,196
31,195
31,194
31,193
31,192
31,191
31,190
31,189
31,188
31,187
31,186
31,185
31,184
31,183
31,182
31,181
31,180
31,179
31,178
31,177
31,176
31,175
31,174
31,173
31,172
31,171
31,170
31,169
31,168
31,167
31,166
31,165
31,164
31,163
31,162
31,161
31,160
31,159
31,158
31,157
31,156
31,155
31,154
31,153
31,152
31,151
31,150
31,149
31,148
31,147
31,146
31,145
31,144
31,143
31,142
31,141
31,140
31,139
31,138
31,137
31,136
31,135
31,134
31,133
31,132
31,131
31,130
31,129
31,128
31,127
31,126
31,125
31,124
31,123
31,122
31,121
31,120
31,119
31,118
31,117
31,116
31,115
31,114
31,113
31,112
31,111
31,110
31,109
31,108
31,107
31,106
31,105
31,104
31,103
31,102
31,101
31,100
31,99
31,98
31,97
31,96
31,95
31,94
31,93
31,92
31,91
31,90
31,89
31,88
31,87
31,86
31,85
31,84
31,83
31,82
31,81
31,80
31,79
31,78
31,77
31,76
31,75
31,74
31,73
31,72
31,71
31,70
31,69
31,68
31,67
31,66
31,65
31,64
31,63
31,62
31,61
31,60
31,59
31,58
31,57
31,56
31,55
31,54
31,53
31,52
31,51
31,50
31,49
31,48
31,47
31,46
31,45
31,44
31,43
31,42
31,41
31,40
31,39
31,38
31,37
31,36
31,35
31,34
31,33
31,32
31,31
31,30
31,29
31,28
31,27
31,26
31,25
31,24
31,23
31,22
31,21
31,20
31,19
31,18
31,17
31,16
31,15
31,14
31,13
31,12
31,11
31,10
31,9
